decision_id,constraint_id,constraint_key,subject_org_id,object_org_id,month,edge_id,relation_type,final_status,update_action,original_confidence,final_confidence,reason,patecon_confidence,source_weighted_confidence,violation_rate,auto_filter_status,candidate_level
D_000000021,LLM_MUTEX_0010,05_19_overlap,ORG_000013,ORG_000015,2023-01,E_000003564,05,enabled_for_mark_mixed,mark_mixed,1.0,1.0,外交合作与军事冲突可能表示复杂关系，通常更适合标记 mixed 或 review。,0.725985,0.724169,0.274015,review,
D_000000022,LLM_MUTEX_0010,05_19_overlap,ORG_000013,ORG_000015,2023-01,E_000003573,19,enabled_for_mark_mixed,mark_mixed,1.0,1.0,外交合作与军事冲突可能表示复杂关系，通常更适合标记 mixed 或 review。,0.725985,0.724169,0.274015,review,
D_000000033,LLM_MUTEX_0010,05_19_overlap,ORG_000002,ORG_000004,2023-03,E_000075002,05,enabled_for_mark_mixed,mark_mixed,1.0,1.0,外交合作与军事冲突可能表示复杂关系，通常更适合标记 mixed 或 review。,0.725985,0.724169,0.274015,review,
D_000000034,LLM_MUTEX_0010,05_19_overlap,ORG_000002,ORG_000004,2023-03,E_000075007,19,enabled_for_mark_mixed,mark_mixed,0.5946,0.5946,外交合作与军事冲突可能表示复杂关系，通常更适合标记 mixed 或 review。,0.725985,0.724169,0.274015,review,
D_000000049,LLM_MUTEX_0010,05_19_overlap,ORG_000013,ORG_000015,2023-02,E_000040475,05,enabled_for_mark_mixed,mark_mixed,0.75,0.75,外交合作与军事冲突可能表示复杂关系，通常更适合标记 mixed 或 review。,0.725985,0.724169,0.274015,review,
D_000000050,LLM_MUTEX_0010,05_19_overlap,ORG_000013,ORG_000015,2023-02,E_000040483,19,enabled_for_mark_mixed,mark_mixed,1.0,1.0,外交合作与军事冲突可能表示复杂关系，通常更适合标记 mixed 或 review。,0.725985,0.724169,0.274015,review,
D_000000063,LLM_MUTEX_0010,05_19_overlap,ORG_000013,ORG_000015,2023-03,E_000078197,05,enabled_for_mark_mixed,mark_mixed,1.0,1.0,外交合作与军事冲突可能表示复杂关系，通常更适合标记 mixed 或 review。,0.725985,0.724169,0.274015,review,
D_000000064,LLM_MUTEX_0010,05_19_overlap,ORG_000013,ORG_000015,2023-03,E_000078204,19,enabled_for_mark_mixed,mark_mixed,1.0,1.0,外交合作与军事冲突可能表示复杂关系，通常更适合标记 mixed 或 review。,0.725985,0.724169,0.274015,review,
D_000000073,LLM_MUTEX_0010,05_19_overlap,ORG_000004,ORG_000013,2023-02,E_000038180,05,enabled_for_mark_mixed,mark_mixed,0.6,0.6,外交合作与军事冲突可能表示复杂关系，通常更适合标记 mixed 或 review。,0.725985,0.724169,0.274015,review,
D_000000074,LLM_MUTEX_0010,05_19_overlap,ORG_000004,ORG_000013,2023-02,E_000038184,19,enabled_for_mark_mixed,mark_mixed,0.5609,0.5609,外交合作与军事冲突可能表示复杂关系，通常更适合标记 mixed 或 review。,0.725985,0.724169,0.274015,review,
D_000000089,LLM_MUTEX_0010,05_19_overlap,ORG_000115,ORG_000069,2023-03,E_000089893,05,enabled_for_mark_mixed,mark_mixed,0.75,0.75,外交合作与军事冲突可能表示复杂关系，通常更适合标记 mixed 或 review。,0.725985,0.724169,0.274015,review,
D_000000090,LLM_MUTEX_0010,05_19_overlap,ORG_000115,ORG_000069,2023-03,E_000089896,19,enabled_for_mark_mixed,mark_mixed,0.4693,0.4693,外交合作与军事冲突可能表示复杂关系，通常更适合标记 mixed 或 review。,0.725985,0.724169,0.274015,review,
D_000000101,LLM_MUTEX_0010,05_19_overlap,ORG_000001,ORG_000079,2023-04,E_000117931,05,enabled_for_mark_mixed,mark_mixed,1.0,1.0,外交合作与军事冲突可能表示复杂关系，通常更适合标记 mixed 或 review。,0.725985,0.724169,0.274015,review,
D_000000102,LLM_MUTEX_0010,05_19_overlap,ORG_000001,ORG_000079,2023-04,E_000117935,19,enabled_for_mark_mixed,mark_mixed,0.4693,0.4693,外交合作与军事冲突可能表示复杂关系，通常更适合标记 mixed 或 review。,0.725985,0.724169,0.274015,review,
D_000000131,LLM_MUTEX_0010,05_19_overlap,ORG_000014,ORG_000001,2023-02,E_000040851,05,enabled_for_mark_mixed,mark_mixed,0.75,0.75,外交合作与军事冲突可能表示复杂关系，通常更适合标记 mixed 或 review。,0.725985,0.724169,0.274015,review,
D_000000132,LLM_MUTEX_0010,05_19_overlap,ORG_000014,ORG_000001,2023-02,E_000040861,19,enabled_for_mark_mixed,mark_mixed,1.0,1.0,外交合作与军事冲突可能表示复杂关系，通常更适合标记 mixed 或 review。,0.725985,0.724169,0.274015,review,
D_000000143,LLM_MUTEX_0010,05_19_overlap,ORG_000001,ORG_000014,2023-02,E_000037078,05,enabled_for_mark_mixed,mark_mixed,0.75,0.75,外交合作与军事冲突可能表示复杂关系，通常更适合标记 mixed 或 review。,0.725985,0.724169,0.274015,review,
D_000000144,LLM_MUTEX_0010,05_19_overlap,ORG_000001,ORG_000014,2023-02,E_000037087,19,enabled_for_mark_mixed,mark_mixed,1.0,1.0,外交合作与军事冲突可能表示复杂关系，通常更适合标记 mixed 或 review。,0.725985,0.724169,0.274015,review,
D_000000155,LLM_MUTEX_0010,05_19_overlap,ORG_000014,ORG_000649,2023-03,E_000078897,05,enabled_for_mark_mixed,mark_mixed,1.0,1.0,外交合作与军事冲突可能表示复杂关系，通常更适合标记 mixed 或 review。,0.725985,0.724169,0.274015,review,
D_000000156,LLM_MUTEX_0010,05_19_overlap,ORG_000014,ORG_000649,2023-03,E_000078899,19,enabled_for_mark_mixed,mark_mixed,0.6599,0.6599,外交合作与军事冲突可能表示复杂关系，通常更适合标记 mixed 或 review。,0.725985,0.724169,0.274015,review,
D_000000173,LLM_MUTEX_0010,05_19_overlap,ORG_000013,ORG_000004,2023-03,E_000078164,05,enabled_for_mark_mixed,mark_mixed,1.0,1.0,外交合作与军事冲突可能表示复杂关系，通常更适合标记 mixed 或 review。,0.725985,0.724169,0.274015,review,
D_000000174,LLM_MUTEX_0010,05_19_overlap,ORG_000013,ORG_000004,2023-03,E_000078172,19,enabled_for_mark_mixed,mark_mixed,0.5946,0.5946,外交合作与军事冲突可能表示复杂关系，通常更适合标记 mixed 或 review。,0.725985,0.724169,0.274015,review,
D_000000203,LLM_MUTEX_0010,05_19_overlap,ORG_000013,ORG_000001,2023-03,E_000078147,05,enabled_for_mark_mixed,mark_mixed,0.7292,0.7292,外交合作与军事冲突可能表示复杂关系，通常更适合标记 mixed 或 review。,0.725985,0.724169,0.274015,review,
D_000000204,LLM_MUTEX_0010,05_19_overlap,ORG_000013,ORG_000001,2023-03,E_000078154,19,enabled_for_mark_mixed,mark_mixed,1.0,1.0,外交合作与军事冲突可能表示复杂关系，通常更适合标记 mixed 或 review。,0.725985,0.724169,0.274015,review,
D_000000215,LLM_MUTEX_0010,05_19_overlap,ORG_000014,ORG_000001,2023-03,E_000078583,05,enabled_for_mark_mixed,mark_mixed,1.0,1.0,外交合作与军事冲突可能表示复杂关系，通常更适合标记 mixed 或 review。,0.725985,0.724169,0.274015,review,
D_000000216,LLM_MUTEX_0010,05_19_overlap,ORG_000014,ORG_000001,2023-03,E_000078590,19,enabled_for_mark_mixed,mark_mixed,0.7109,0.7109,外交合作与军事冲突可能表示复杂关系，通常更适合标记 mixed 或 review。,0.725985,0.724169,0.274015,review,
D_000000227,LLM_MUTEX_0010,05_19_overlap,ORG_000013,ORG_000015,2023-04,E_000122007,05,enabled_for_mark_mixed,mark_mixed,0.5609,0.5609,外交合作与军事冲突可能表示复杂关系，通常更适合标记 mixed 或 review。,0.725985,0.724169,0.274015,review,
D_000000228,LLM_MUTEX_0010,05_19_overlap,ORG_000013,ORG_000015,2023-04,E_000122014,19,enabled_for_mark_mixed,mark_mixed,1.0,1.0,外交合作与军事冲突可能表示复杂关系，通常更适合标记 mixed 或 review。,0.725985,0.724169,0.274015,review,
D_000000253,LLM_MUTEX_0010,05_19_overlap,ORG_000015,ORG_000013,2023-01,E_000004215,05,enabled_for_mark_mixed,mark_mixed,1.0,1.0,外交合作与军事冲突可能表示复杂关系，通常更适合标记 mixed 或 review。,0.725985,0.724169,0.274015,review,
D_000000254,LLM_MUTEX_0010,05_19_overlap,ORG_000015,ORG_000013,2023-01,E_000004224,19,enabled_for_mark_mixed,mark_mixed,1.0,1.0,外交合作与军事冲突可能表示复杂关系，通常更适合标记 mixed 或 review。,0.725985,0.724169,0.274015,review,
D_000000265,LLM_MUTEX_0010,05_19_overlap,ORG_000001,ORG_000014,2023-03,E_000074083,05,enabled_for_mark_mixed,mark_mixed,1.0,1.0,外交合作与军事冲突可能表示复杂关系，通常更适合标记 mixed 或 review。,0.725985,0.724169,0.274015,review,
D_000000266,LLM_MUTEX_0010,05_19_overlap,ORG_000001,ORG_000014,2023-03,E_000074090,19,enabled_for_mark_mixed,mark_mixed,0.75,0.75,外交合作与军事冲突可能表示复杂关系，通常更适合标记 mixed 或 review。,0.725985,0.724169,0.274015,review,
D_000000331,LLM_MUTEX_0010,05_19_overlap,ORG_000001,ORG_000013,2023-03,E_000074066,05,enabled_for_mark_mixed,mark_mixed,1.0,1.0,外交合作与军事冲突可能表示复杂关系，通常更适合标记 mixed 或 review。,0.725985,0.724169,0.274015,review,
D_000000332,LLM_MUTEX_0010,05_19_overlap,ORG_000001,ORG_000013,2023-03,E_000074078,19,enabled_for_mark_mixed,mark_mixed,0.7109,0.7109,外交合作与军事冲突可能表示复杂关系，通常更适合标记 mixed 或 review。,0.725985,0.724169,0.274015,review,
D_000000339,LLM_MUTEX_0010,05_19_overlap,ORG_000030,ORG_000015,2023-04,E_000125610,05,enabled_for_mark_mixed,mark_mixed,1.0,1.0,外交合作与军事冲突可能表示复杂关系，通常更适合标记 mixed 或 review。,0.725985,0.724169,0.274015,review,
D_000000340,LLM_MUTEX_0010,05_19_overlap,ORG_000030,ORG_000015,2023-04,E_000125615,19,enabled_for_mark_mixed,mark_mixed,0.4693,0.4693,外交合作与军事冲突可能表示复杂关系，通常更适合标记 mixed 或 review。,0.725985,0.724169,0.274015,review,
D_000000343,LLM_MUTEX_0010,05_19_overlap,ORG_000015,ORG_000016,2023-02,E_000041241,05,enabled_for_mark_mixed,mark_mixed,0.7109,0.7109,外交合作与军事冲突可能表示复杂关系，通常更适合标记 mixed 或 review。,0.725985,0.724169,0.274015,review,
D_000000344,LLM_MUTEX_0010,05_19_overlap,ORG_000015,ORG_000016,2023-02,E_000041242,19,enabled_for_mark_mixed,mark_mixed,1.0,1.0,外交合作与军事冲突可能表示复杂关系，通常更适合标记 mixed 或 review。,0.725985,0.724169,0.274015,review,
D_000000355,LLM_MUTEX_0010,05_19_overlap,ORG_000015,ORG_000013,2023-02,E_000041228,05,enabled_for_mark_mixed,mark_mixed,1.0,1.0,外交合作与军事冲突可能表示复杂关系，通常更适合标记 mixed 或 review。,0.725985,0.724169,0.274015,review,
D_000000356,LLM_MUTEX_0010,05_19_overlap,ORG_000015,ORG_000013,2023-02,E_000041233,19,enabled_for_mark_mixed,mark_mixed,1.0,1.0,外交合作与军事冲突可能表示复杂关系，通常更适合标记 mixed 或 review。,0.725985,0.724169,0.274015,review,
D_000000363,LLM_MUTEX_0010,05_19_overlap,ORG_000092,ORG_000014,2023-04,E_000131572,05,enabled_for_mark_mixed,mark_mixed,1.0,1.0,外交合作与军事冲突可能表示复杂关系，通常更适合标记 mixed 或 review。,0.725985,0.724169,0.274015,review,
D_000000364,LLM_MUTEX_0010,05_19_overlap,ORG_000092,ORG_000014,2023-04,E_000131573,19,enabled_for_mark_mixed,mark_mixed,0.5609,0.5609,外交合作与军事冲突可能表示复杂关系，通常更适合标记 mixed 或 review。,0.725985,0.724169,0.274015,review,
D_000000369,LLM_MUTEX_0010,05_19_overlap,ORG_000015,ORG_000052,2023-02,E_000041295,05,enabled_for_mark_mixed,mark_mixed,1.0,1.0,外交合作与军事冲突可能表示复杂关系，通常更适合标记 mixed 或 review。,0.725985,0.724169,0.274015,review,
D_000000370,LLM_MUTEX_0010,05_19_overlap,ORG_000015,ORG_000052,2023-02,E_000041297,19,enabled_for_mark_mixed,mark_mixed,0.5946,0.5946,外交合作与军事冲突可能表示复杂关系，通常更适合标记 mixed 或 review。,0.725985,0.724169,0.274015,review,
D_000000381,LLM_MUTEX_0010,05_19_overlap,ORG_000072,ORG_000113,2023-03,E_000086989,05,enabled_for_mark_mixed,mark_mixed,0.75,0.75,外交合作与军事冲突可能表示复杂关系，通常更适合标记 mixed 或 review。,0.725985,0.724169,0.274015,review,
D_000000382,LLM_MUTEX_0010,05_19_overlap,ORG_000072,ORG_000113,2023-03,E_000086994,19,enabled_for_mark_mixed,mark_mixed,0.4693,0.4693,外交合作与军事冲突可能表示复杂关系，通常更适合标记 mixed 或 review。,0.725985,0.724169,0.274015,review,
D_000000399,LLM_MUTEX_0010,05_19_overlap,ORG_000015,ORG_000013,2023-03,E_000079070,05,enabled_for_mark_mixed,mark_mixed,1.0,1.0,外交合作与军事冲突可能表示复杂关系，通常更适合标记 mixed 或 review。,0.725985,0.724169,0.274015,review,
D_000000400,LLM_MUTEX_0010,05_19_overlap,ORG_000015,ORG_000013,2023-03,E_000079077,19,enabled_for_mark_mixed,mark_mixed,1.0,1.0,外交合作与军事冲突可能表示复杂关系，通常更适合标记 mixed 或 review。,0.725985,0.724169,0.274015,review,
D_000000415,LLM_MUTEX_0010,05_19_overlap,ORG_000013,ORG_000004,2023-02,E_000040452,05,enabled_for_mark_mixed,mark_mixed,1.0,1.0,外交合作与军事冲突可能表示复杂关系，通常更适合标记 mixed 或 review。,0.725985,0.724169,0.274015,review,
D_000000416,LLM_MUTEX_0010,05_19_overlap,ORG_000013,ORG_000004,2023-02,E_000040456,19,enabled_for_mark_mixed,mark_mixed,0.6,0.6,外交合作与军事冲突可能表示复杂关系，通常更适合标记 mixed 或 review。,0.725985,0.724169,0.274015,review,
D_000000427,LLM_MUTEX_0010,05_19_overlap,ORG_000018,ORG_000183,2023-04,E_000123470,05,enabled_for_mark_mixed,mark_mixed,0.6,0.6,外交合作与军事冲突可能表示复杂关系，通常更适合标记 mixed 或 review。,0.725985,0.724169,0.274015,review,
D_000000428,LLM_MUTEX_0010,05_19_overlap,ORG_000018,ORG_000183,2023-04,E_000123474,19,enabled_for_mark_mixed,mark_mixed,1.0,1.0,外交合作与军事冲突可能表示复杂关系，通常更适合标记 mixed 或 review。,0.725985,0.724169,0.274015,review,
D_000000449,LLM_MUTEX_0010,05_19_overlap,ORG_000137,ORG_000069,2023-01,E_000014585,05,enabled_for_mark_mixed,mark_mixed,0.5609,0.5609,外交合作与军事冲突可能表示复杂关系，通常更适合标记 mixed 或 review。,0.725985,0.724169,0.274015,review,
D_000000450,LLM_MUTEX_0010,05_19_overlap,ORG_000137,ORG_000069,2023-01,E_000014587,19,enabled_for_mark_mixed,mark_mixed,1.0,1.0,外交合作与军事冲突可能表示复杂关系，通常更适合标记 mixed 或 review。,0.725985,0.724169,0.274015,review,
D_000000455,LLM_MUTEX_0010,05_19_overlap,ORG_000030,ORG_000133,2023-02,E_000043839,05,enabled_for_mark_mixed,mark_mixed,0.6,0.6,外交合作与军事冲突可能表示复杂关系，通常更适合标记 mixed 或 review。,0.725985,0.724169,0.274015,review,
D_000000456,LLM_MUTEX_0010,05_19_overlap,ORG_000030,ORG_000133,2023-02,E_000043845,19,enabled_for_mark_mixed,mark_mixed,0.5609,0.5609,外交合作与军事冲突可能表示复杂关系，通常更适合标记 mixed 或 review。,0.725985,0.724169,0.274015,review,
D_000000465,LLM_MUTEX_0010,05_19_overlap,ORG_000137,ORG_000161,2023-02,E_000051422,05,enabled_for_mark_mixed,mark_mixed,1.0,1.0,外交合作与军事冲突可能表示复杂关系，通常更适合标记 mixed 或 review。,0.725985,0.724169,0.274015,review,
D_000000466,LLM_MUTEX_0010,05_19_overlap,ORG_000137,ORG_000161,2023-02,E_000051428,19,enabled_for_mark_mixed,mark_mixed,0.6599,0.6599,外交合作与军事冲突可能表示复杂关系，通常更适合标记 mixed 或 review。,0.725985,0.724169,0.274015,review,
D_000000477,LLM_MUTEX_0010,05_19_overlap,ORG_000013,ORG_000030,2023-04,E_000122050,05,enabled_for_mark_mixed,mark_mixed,0.6,0.6,外交合作与军事冲突可能表示复杂关系，通常更适合标记 mixed 或 review。,0.725985,0.724169,0.274015,review,
D_000000478,LLM_MUTEX_0010,05_19_overlap,ORG_000013,ORG_000030,2023-04,E_000122057,19,enabled_for_mark_mixed,mark_mixed,0.4693,0.4693,外交合作与军事冲突可能表示复杂关系，通常更适合标记 mixed 或 review。,0.725985,0.724169,0.274015,review,
D_000000509,LLM_MUTEX_0010,05_19_overlap,ORG_000172,ORG_000097,2023-01,E_000015913,05,enabled_for_mark_mixed,mark_mixed,1.0,1.0,外交合作与军事冲突可能表示复杂关系，通常更适合标记 mixed 或 review。,0.725985,0.724169,0.274015,review,
D_000000510,LLM_MUTEX_0010,05_19_overlap,ORG_000172,ORG_000097,2023-01,E_000015918,19,enabled_for_mark_mixed,mark_mixed,0.4693,0.4693,外交合作与军事冲突可能表示复杂关系，通常更适合标记 mixed 或 review。,0.725985,0.724169,0.274015,review,
D_000000535,LLM_MUTEX_0010,05_19_overlap,ORG_000014,ORG_000079,2023-04,E_000122396,05,enabled_for_mark_mixed,mark_mixed,1.0,1.0,外交合作与军事冲突可能表示复杂关系，通常更适合标记 mixed 或 review。,0.725985,0.724169,0.274015,review,
D_000000536,LLM_MUTEX_0010,05_19_overlap,ORG_000014,ORG_000079,2023-04,E_000122401,19,enabled_for_mark_mixed,mark_mixed,0.4693,0.4693,外交合作与军事冲突可能表示复杂关系，通常更适合标记 mixed 或 review。,0.725985,0.724169,0.274015,review,
D_000000565,LLM_MUTEX_0010,05_19_overlap,ORG_000013,ORG_000168,2023-03,E_000078356,05,enabled_for_mark_mixed,mark_mixed,1.0,1.0,外交合作与军事冲突可能表示复杂关系，通常更适合标记 mixed 或 review。,0.725985,0.724169,0.274015,review,
D_000000566,LLM_MUTEX_0010,05_19_overlap,ORG_000013,ORG_000168,2023-03,E_000078358,19,enabled_for_mark_mixed,mark_mixed,0.4693,0.4693,外交合作与军事冲突可能表示复杂关系，通常更适合标记 mixed 或 review。,0.725985,0.724169,0.274015,review,
D_000000589,LLM_MUTEX_0010,05_19_overlap,ORG_000014,ORG_000001,2023-01,E_000003890,05,enabled_for_mark_mixed,mark_mixed,0.75,0.75,外交合作与军事冲突可能表示复杂关系，通常更适合标记 mixed 或 review。,0.725985,0.724169,0.274015,review,
D_000000590,LLM_MUTEX_0010,05_19_overlap,ORG_000014,ORG_000001,2023-01,E_000003895,19,enabled_for_mark_mixed,mark_mixed,0.4693,0.4693,外交合作与军事冲突可能表示复杂关系，通常更适合标记 mixed 或 review。,0.725985,0.724169,0.274015,review,
D_000000597,LLM_MUTEX_0010,05_19_overlap,ORG_000098,ORG_000015,2023-01,E_000012653,05,enabled_for_mark_mixed,mark_mixed,0.7446,0.7446,外交合作与军事冲突可能表示复杂关系，通常更适合标记 mixed 或 review。,0.725985,0.724169,0.274015,review,
D_000000598,LLM_MUTEX_0010,05_19_overlap,ORG_000098,ORG_000015,2023-01,E_000012658,19,enabled_for_mark_mixed,mark_mixed,1.0,1.0,外交合作与军事冲突可能表示复杂关系，通常更适合标记 mixed 或 review。,0.725985,0.724169,0.274015,review,
D_000000609,LLM_MUTEX_0010,05_19_overlap,ORG_000013,ORG_000001,2023-02,E_000040437,05,enabled_for_mark_mixed,mark_mixed,1.0,1.0,外交合作与军事冲突可能表示复杂关系，通常更适合标记 mixed 或 review。,0.725985,0.724169,0.274015,review,
D_000000610,LLM_MUTEX_0010,05_19_overlap,ORG_000013,ORG_000001,2023-02,E_000040443,19,enabled_for_mark_mixed,mark_mixed,0.6,0.6,外交合作与军事冲突可能表示复杂关系，通常更适合标记 mixed 或 review。,0.725985,0.724169,0.274015,review,
D_000000619,LLM_MUTEX_0010,05_19_overlap,ORG_000014,ORG_000002,2023-04,E_000122280,05,enabled_for_mark_mixed,mark_mixed,0.6,0.6,外交合作与军事冲突可能表示复杂关系，通常更适合标记 mixed 或 review。,0.725985,0.724169,0.274015,review,
D_000000620,LLM_MUTEX_0010,05_19_overlap,ORG_000014,ORG_000002,2023-04,E_000122282,19,enabled_for_mark_mixed,mark_mixed,0.5609,0.5609,外交合作与军事冲突可能表示复杂关系，通常更适合标记 mixed 或 review。,0.725985,0.724169,0.274015,review,
D_000000639,LLM_MUTEX_0010,05_19_overlap,ORG_000001,ORG_000079,2023-02,E_000037320,05,enabled_for_mark_mixed,mark_mixed,0.75,0.75,外交合作与军事冲突可能表示复杂关系，通常更适合标记 mixed 或 review。,0.725985,0.724169,0.274015,review,
D_000000640,LLM_MUTEX_0010,05_19_overlap,ORG_000001,ORG_000079,2023-02,E_000037327,19,enabled_for_mark_mixed,mark_mixed,0.4693,0.4693,外交合作与军事冲突可能表示复杂关系，通常更适合标记 mixed 或 review。,0.725985,0.724169,0.274015,review,
D_000000657,LLM_MUTEX_0010,05_19_overlap,ORG_000014,ORG_000079,2023-03,E_000078724,05,enabled_for_mark_mixed,mark_mixed,0.4693,0.4693,外交合作与军事冲突可能表示复杂关系，通常更适合标记 mixed 或 review。,0.725985,0.724169,0.274015,review,
D_000000658,LLM_MUTEX_0010,05_19_overlap,ORG_000014,ORG_000079,2023-03,E_000078733,19,enabled_for_mark_mixed,mark_mixed,1.0,1.0,外交合作与军事冲突可能表示复杂关系，通常更适合标记 mixed 或 review。,0.725985,0.724169,0.274015,review,
D_000000705,LLM_MUTEX_0010,05_19_overlap,ORG_000013,ORG_000097,2023-03,E_000078295,05,enabled_for_mark_mixed,mark_mixed,0.75,0.75,外交合作与军事冲突可能表示复杂关系，通常更适合标记 mixed 或 review。,0.725985,0.724169,0.274015,review,
D_000000706,LLM_MUTEX_0010,05_19_overlap,ORG_000013,ORG_000097,2023-03,E_000078297,19,enabled_for_mark_mixed,mark_mixed,0.6599,0.6599,外交合作与军事冲突可能表示复杂关系，通常更适合标记 mixed 或 review。,0.725985,0.724169,0.274015,review,
D_000000727,LLM_MUTEX_0010,05_19_overlap,ORG_000214,ORG_000013,2023-02,E_000053838,05,enabled_for_mark_mixed,mark_mixed,1.0,1.0,外交合作与军事冲突可能表示复杂关系，通常更适合标记 mixed 或 review。,0.725985,0.724169,0.274015,review,
D_000000728,LLM_MUTEX_0010,05_19_overlap,ORG_000214,ORG_000013,2023-02,E_000053842,19,enabled_for_mark_mixed,mark_mixed,0.4693,0.4693,外交合作与军事冲突可能表示复杂关系，通常更适合标记 mixed 或 review。,0.725985,0.724169,0.274015,review,
D_000000733,LLM_MUTEX_0010,05_19_overlap,ORG_000015,ORG_000098,2023-01,E_000004304,05,enabled_for_mark_mixed,mark_mixed,1.0,1.0,外交合作与军事冲突可能表示复杂关系，通常更适合标记 mixed 或 review。,0.725985,0.724169,0.274015,review,
D_000000734,LLM_MUTEX_0010,05_19_overlap,ORG_000015,ORG_000098,2023-01,E_000004306,19,enabled_for_mark_mixed,mark_mixed,0.5609,0.5609,外交合作与军事冲突可能表示复杂关系，通常更适合标记 mixed 或 review。,0.725985,0.724169,0.274015,review,
D_000000741,LLM_MUTEX_0010,05_19_overlap,ORG_000218,ORG_000015,2023-01,E_000017243,05,enabled_for_mark_mixed,mark_mixed,0.75,0.75,外交合作与军事冲突可能表示复杂关系，通常更适合标记 mixed 或 review。,0.725985,0.724169,0.274015,review,
D_000000742,LLM_MUTEX_0010,05_19_overlap,ORG_000218,ORG_000015,2023-01,E_000017247,19,enabled_for_mark_mixed,mark_mixed,0.4693,0.4693,外交合作与军事冲突可能表示复杂关系，通常更适合标记 mixed 或 review。,0.725985,0.724169,0.274015,review,
D_000000755,LLM_MUTEX_0010,05_19_overlap,ORG_000013,ORG_000214,2023-02,E_000040647,05,enabled_for_mark_mixed,mark_mixed,0.75,0.75,外交合作与军事冲突可能表示复杂关系，通常更适合标记 mixed 或 review。,0.725985,0.724169,0.274015,review,
D_000000756,LLM_MUTEX_0010,05_19_overlap,ORG_000013,ORG_000214,2023-02,E_000040649,19,enabled_for_mark_mixed,mark_mixed,0.4693,0.4693,外交合作与军事冲突可能表示复杂关系，通常更适合标记 mixed 或 review。,0.725985,0.724169,0.274015,review,
D_000000759,LLM_MUTEX_0010,05_19_overlap,ORG_000015,ORG_000030,2023-02,E_000041271,05,enabled_for_mark_mixed,mark_mixed,1.0,1.0,外交合作与军事冲突可能表示复杂关系，通常更适合标记 mixed 或 review。,0.725985,0.724169,0.274015,review,
D_000000760,LLM_MUTEX_0010,05_19_overlap,ORG_000015,ORG_000030,2023-02,E_000041274,19,enabled_for_mark_mixed,mark_mixed,0.6,0.6,外交合作与军事冲突可能表示复杂关系，通常更适合标记 mixed 或 review。,0.725985,0.724169,0.274015,review,
D_000000771,LLM_MUTEX_0010,05_19_overlap,ORG_000052,ORG_000016,2023-03,E_000084903,05,enabled_for_mark_mixed,mark_mixed,1.0,1.0,外交合作与军事冲突可能表示复杂关系，通常更适合标记 mixed 或 review。,0.725985,0.724169,0.274015,review,
D_000000772,LLM_MUTEX_0010,05_19_overlap,ORG_000052,ORG_000016,2023-03,E_000084906,19,enabled_for_mark_mixed,mark_mixed,0.6599,0.6599,外交合作与军事冲突可能表示复杂关系，通常更适合标记 mixed 或 review。,0.725985,0.724169,0.274015,review,
D_000000807,LLM_MUTEX_0010,05_19_overlap,ORG_000097,ORG_000168,2023-01,E_000012532,05,enabled_for_mark_mixed,mark_mixed,0.75,0.75,外交合作与军事冲突可能表示复杂关系，通常更适合标记 mixed 或 review。,0.725985,0.724169,0.274015,review,
D_000000808,LLM_MUTEX_0010,05_19_overlap,ORG_000097,ORG_000168,2023-01,E_000012536,19,enabled_for_mark_mixed,mark_mixed,0.7109,0.7109,外交合作与军事冲突可能表示复杂关系，通常更适合标记 mixed 或 review。,0.725985,0.724169,0.274015,review,
D_000000843,LLM_MUTEX_0010,05_19_overlap,ORG_000040,ORG_000222,2023-03,E_000083663,05,enabled_for_mark_mixed,mark_mixed,0.6,0.6,外交合作与军事冲突可能表示复杂关系，通常更适合标记 mixed 或 review。,0.725985,0.724169,0.274015,review,
D_000000844,LLM_MUTEX_0010,05_19_overlap,ORG_000040,ORG_000222,2023-03,E_000083670,19,enabled_for_mark_mixed,mark_mixed,0.6,0.6,外交合作与军事冲突可能表示复杂关系，通常更适合标记 mixed 或 review。,0.725985,0.724169,0.274015,review,
D_000000849,LLM_MUTEX_0010,05_19_overlap,ORG_000013,ORG_000214,2023-01,E_000003698,05,enabled_for_mark_mixed,mark_mixed,0.75,0.75,外交合作与军事冲突可能表示复杂关系，通常更适合标记 mixed 或 review。,0.725985,0.724169,0.274015,review,
D_000000850,LLM_MUTEX_0010,05_19_overlap,ORG_000013,ORG_000214,2023-01,E_000003701,19,enabled_for_mark_mixed,mark_mixed,0.7109,0.7109,外交合作与军事冲突可能表示复杂关系，通常更适合标记 mixed 或 review。,0.725985,0.724169,0.274015,review,
D_000000855,LLM_MUTEX_0010,05_19_overlap,ORG_000015,ORG_000001,2023-01,E_000004180,05,enabled_for_mark_mixed,mark_mixed,0.4693,0.4693,外交合作与军事冲突可能表示复杂关系，通常更适合标记 mixed 或 review。,0.725985,0.724169,0.274015,review,
D_000000856,LLM_MUTEX_0010,05_19_overlap,ORG_000015,ORG_000001,2023-01,E_000004182,19,enabled_for_mark_mixed,mark_mixed,0.6599,0.6599,外交合作与军事冲突可能表示复杂关系，通常更适合标记 mixed 或 review。,0.725985,0.724169,0.274015,review,
